{"cameraMode":{"drawMode":0,"name":"Shaded","section":"Shading Mode"},"sceneLighting":true,"audioPlay":false,"sceneViewState":{"m_AlwaysRefresh":false,"showFog":true,"showSkybox":true,"showFlares":true,"showImageEffects":true,"showParticleSystems":true,"showVisualEffectGraphs":true,"m_FxEnabled":true},"in2DMode":false,"pivot":{"x":-0.028294967487454416,"y":-0.5603455305099487,"z":-8.669012069702149},"rotation":{"x":0.0161715317517519,"y":0.04707324877381325,"z":0.0007627125014550984,"w":-0.9987590909004211},"size":4.69484806060791,"orthographic":false}