{"cameraMode":{"drawMode":0,"name":"Shaded","section":"Shading Mode"},"sceneLighting":false,"audioPlay":false,"sceneViewState":{"m_AlwaysRefresh":false,"showFog":true,"showSkybox":false,"showFlares":true,"showImageEffects":true,"showParticleSystems":true,"showVisualEffectGraphs":true,"m_FxEnabled":true},"in2DMode":false,"pivot":{"x":0.4661093056201935,"y":1.5765581130981446,"z":-0.007260167505592108},"rotation":{"x":0.0653911754488945,"y":0.08729599416255951,"z":0.005743372719734907,"w":-0.9940146803855896},"size":2.0847325325012209,"orthographic":false}