{"cameraMode":{"drawMode":0,"name":"Shaded","section":"Shading Mode"},"sceneLighting":false,"audioPlay":false,"sceneViewState":{"m_AlwaysRefresh":false,"showFog":true,"showSkybox":false,"showFlares":true,"showImageEffects":true,"showParticleSystems":true,"showVisualEffectGraphs":true,"m_FxEnabled":true},"in2DMode":false,"pivot":{"x":-0.8500171899795532,"y":0.08043959736824036,"z":-0.46341922879219057},"rotation":{"x":0.004189974162727594,"y":0.0005971878999844193,"z":0.000015202173926809337,"w":-0.9999975562095642},"size":1.8124611377716065,"orthographic":false}