{"cameraMode":{"drawMode":0,"name":"Shaded","section":"Shading Mode"},"sceneLighting":false,"audioPlay":false,"sceneViewState":{"m_AlwaysRefresh":false,"showFog":true,"showSkybox":false,"showFlares":true,"showImageEffects":true,"showParticleSystems":true,"showVisualEffectGraphs":true,"m_FxEnabled":true},"in2DMode":false,"pivot":{"x":-0.34958285093307497,"y":-0.1158471405506134,"z":0.10376405715942383},"rotation":{"x":0.10423393547534943,"y":-0.07095292210578919,"z":-0.007442857138812542,"w":-0.9919980764389038},"size":0.8771687746047974,"orthographic":false}